{
	"sourceConfig":{ 
		"sources" : [
			{
				"sourceName" : "demoCamera",
				"sourceType" : "MMCameraSource",
				"sourceCfg" : "democamSource.cfg",
				"isTimeLapse" : False,
				"intervalMs" : 100.0
			}
		]
	},
	"sinkConfig":{ 
		"sinks" : [
			{
				"sinkName" : "democamDisplay",
				"sinkType" : "SinkImageJDisplayMethod",
				"sinkCfg" : "democamSink.cfg",
				"primaryCamera" : "demoCamera",
				"inputNames" : [
					"demoCamera"
				]
			},
			{
				"sinkName" : "democamSave",
				"sinkType" : "SinkSaveMethod",
				"inputNames" : [
					"demoCamera"
				]
			}
		]
	}
}