{
	"sourceConfig":{ 
		"sources" : [
			{
				"sourceName" : "EpisodicSource",
				"sourceType" : "NIDAQSourceMethod",
				"sourceCfg" : "episodicSource.cfg",
				"isTimeLapse" : False
			}
		]
	},
	"flowConfig":{
		"flows" : [
			{
				"flowName" : "EpisodicFlow",
				"flowType" : "NIDAQBuffer_to_SignalBufferFlow",
				"inputNames" : [
					"EpisodicSource"
				]
			}
		]
	},
	"sinkConfig":{ 
		"sinks" : [
			{
				"sinkName" : "TraceSink",				
				"sinkType" : "SinkTraceMethod",
				"sinkCfg" : "episodicTraceSink.cfg",
				"inputNames" : [
					"EpisodicFlow"
				]
			},
			{
				"sinkName" : "TraceSaveSink",				
				"sinkType" : "SinkSaveMethod",
				"inputNames" : [
					"EpisodicFlow"
				]
			}
		]
	}
}